chi2_stat,p_value,degrees_of_freedom,cramers_v
2.025462962962963,0.15468177740915698,1,0.17010345435994292
