variable,mean_A,mean_B,median_A,median_B,welch_t_stat,welch_p_value,mannwhitney_u,mannwhitney_p_value,cohens_d_B_minus_A
time_spent_seconds,304.48571428571427,225.11428571428573,300.0,180.0,2.1147065476898317,0.03826245393189833,781.5,0.03957183516249924,-0.5055115532291308
ease_of_use,4.914285714285715,5.885714285714286,5.0,6.0,-3.566474603908407,0.0006820473665220832,341.0,0.0009824938446500342,0.8525504962111756
clarity,4.885714285714286,6.0,5.0,6.0,-4.156025155142873,9.370269833277788e-05,293.5,0.00010844942786838753,0.9934800333080348
guidance_felt,3.742857142857143,5.942857142857143,4.0,6.0,-6.9115261927302445,6.395035881278426e-09,160.5,5.2716022749327486e-08,1.652170767943041
